{
    "loss": 12.34616470336914,
    "accuracy": 0.4313725531101227
}